Page URL,HTTP Code,Discovered
https://ratemydegrees.com/majors/01.00,500,03 Mar 2026 (16:07 UTC)
https://ratemydegrees.com/majors/01.01,500,03 Mar 2026 (16:07 UTC)
https://ratemydegrees.com/majors/01.02,500,03 Mar 2026 (16:07 UTC)
https://ratemydegrees.com/majors/01.03,500,03 Mar 2026 (16:07 UTC)
https://ratemydegrees.com/majors/01.04,500,03 Mar 2026 (16:07 UTC)
https://ratemydegrees.com/majors/01.05,500,03 Mar 2026 (16:07 UTC)
https://ratemydegrees.com/majors/01.08,500,03 Mar 2026 (16:07 UTC)
https://ratemydegrees.com/majors/01.09,500,03 Mar 2026 (16:07 UTC)
https://ratemydegrees.com/majors/01.11,500,03 Mar 2026 (16:07 UTC)
https://ratemydegrees.com/majors/01.13,500,03 Mar 2026 (16:07 UTC)
https://ratemydegrees.com/majors/01.99,500,03 Mar 2026 (16:07 UTC)
https://ratemydegrees.com/majors/13.12,500,03 Mar 2026 (16:07 UTC)
https://ratemydegrees.com/majors/13.13,500,03 Mar 2026 (16:07 UTC)
https://ratemydegrees.com/majors/13.15,500,03 Mar 2026 (16:07 UTC)
https://ratemydegrees.com/majors/14.02,500,03 Mar 2026 (16:07 UTC)
https://ratemydegrees.com/majors/14.03,500,03 Mar 2026 (16:07 UTC)
https://ratemydegrees.com/majors/15.08,500,03 Mar 2026 (16:07 UTC)
https://ratemydegrees.com/majors/16.02,500,03 Mar 2026 (16:07 UTC)
https://ratemydegrees.com/majors/16.04,500,03 Mar 2026 (16:07 UTC)
https://ratemydegrees.com/majors/16.10,500,03 Mar 2026 (16:07 UTC)
https://ratemydegrees.com/majors/16.11,500,03 Mar 2026 (16:07 UTC)
https://ratemydegrees.com/majors/16.16,500,03 Mar 2026 (16:07 UTC)
https://ratemydegrees.com/majors/19.07,500,03 Mar 2026 (16:07 UTC)
https://ratemydegrees.com/majors/22.02,500,03 Mar 2026 (16:07 UTC)
https://ratemydegrees.com/majors/23.14,500,03 Mar 2026 (16:07 UTC)
https://ratemydegrees.com/majors/26.07,500,03 Mar 2026 (16:07 UTC)
https://ratemydegrees.com/majors/26.09,500,03 Mar 2026 (16:07 UTC)
https://ratemydegrees.com/majors/27.01,500,03 Mar 2026 (16:07 UTC)
https://ratemydegrees.com/majors/30.16,500,03 Mar 2026 (16:07 UTC)
https://ratemydegrees.com/majors/40.08,500,03 Mar 2026 (16:07 UTC)
https://ratemydegrees.com/majors/45.10,500,03 Mar 2026 (16:07 UTC)
https://ratemydegrees.com/majors/47.06,500,03 Mar 2026 (16:07 UTC)
https://ratemydegrees.com/majors/49.01,500,03 Mar 2026 (16:07 UTC)
https://ratemydegrees.com/majors/51.05,500,03 Mar 2026 (16:07 UTC)
https://ratemydegrees.com/majors/51.08,500,03 Mar 2026 (16:07 UTC)
https://ratemydegrees.com/majors/51.09,500,03 Mar 2026 (16:07 UTC)
https://ratemydegrees.com/majors/51.23,500,03 Mar 2026 (16:07 UTC)
https://ratemydegrees.com/majors/51.33,500,03 Mar 2026 (16:07 UTC)
https://ratemydegrees.com/majors/51.34,500,03 Mar 2026 (16:07 UTC)
https://ratemydegrees.com/majors/52.03,500,03 Mar 2026 (16:07 UTC)
https://ratemydegrees.com/majors/52.13,500,03 Mar 2026 (16:07 UTC)
